hour_of_week,price
0,4.2
1,4.065
2,4.0213
3,4.0611
4,4.2792
5,4.7731
6,6.4436
7,7.6948
8,8.1331
9,7.3669
10,6.1052
11,5.2564
12,4.8269
13,4.7208
14,4.9389
15,5.6787
16,7.135
17,9.1
18,10.665
19,11.0213
20,10.3611
21,8.9792
22,7.2731
23,5.5436
24,4.2948
25,4.0331
26,3.8669
27,3.8052
28,3.9564
29,4.4269
30,6.1208
31,7.4389
32,7.9787
33,7.335
34,6.2
35,5.465
36,5.1213
37,5.0611
38,5.2792
39,5.9731
40,7.3436
41,9.1948
42,10.6331
43,10.8669
44,10.1052
45,8.6564
46,6.9269
47,5.2208
48,4.0389
49,3.8787
50,3.835
51,3.9
52,4.165
53,4.7213
54,6.4611
55,7.7792
56,8.2731
57,7.5436
58,6.2948
59,5.4331
60,4.9669
61,4.8052
62,4.9564
63,5.6269
64,7.0208
65,8.9389
66,10.4787
67,10.835
68,10.2
69,8.865
70,7.2213
71,5.5611
72,4.3792
73,4.1731
74,4.0436
75,3.9948
76,4.1331
77,4.5669
78,6.2052
79,7.4564
80,7.9269
81,7.2208
82,6.0389
83,5.2787
84,4.935
85,4.9
86,5.165
87,5.9213
88,7.3611
89,9.2792
90,10.7731
91,11.0436
92,10.2948
93,8.8331
94,7.0669
95,5.3052
96,4.0564
97,3.8269
98,3.7208
99,3.7389
100,3.9787
101,4.535
102,6.3
103,7.665
104,8.2213
105,7.5611
106,6.3792
107,5.5731
108,5.1436
109,4.9948
110,5.1331
111,5.7669
112,7.1052
113,8.9564
114,10.4269
115,10.7208
116,10.0389
117,8.6787
118,7.035
119,5.4
120,5.067
121,4.9933
122,4.9681
123,4.9862
124,5.1101
125,5.4056
126,6.4618
127,7.2451
128,7.5039
129,6.9872
130,6.1584
131,5.6089
132,5.3428
133,5.2959
134,5.4657
135,5.977
136,6.952
137,8.252
138,9.2833
139,9.5181
140,9.0812
141,8.1651
142,7.0306
143,5.8768
144,5.0351
145,4.8389
146,4.7122
147,4.6634
148,4.7639
149,5.0828
150,6.2059
151,7.0907
152,7.472
153,7.082
154,6.367
155,5.9033
156,5.6831
157,5.6362
158,5.7601
159,6.1856
160,7.0468
161,8.2201
162,9.1289
163,9.2622
164,8.7584
165,7.8189
166,6.7078
167,5.6209
